{
  "2000x2000": {
    "threads": [
      1,
      2,
      3,
      4,
      5,
      6,
      7,
      8,
      9,
      10
    ],
    "speedup": [
      0.947,
      1.36,
      1.836,
      1.934,
      1.824,
      1.61,
      1.351,
      1.332,
      1.204,
      1.352
    ],
    "efficiency": [
      94.66,
      68.02,
      61.19,
      48.34,
      36.48,
      26.84,
      19.29,
      16.65,
      13.38,
      13.52
    ],
    "sequential_times": [
      0.533317,
      0.538595,
      0.628114,
      0.538291,
      0.527152,
      0.519775,
      0.521283,
      0.532348,
      0.520349,
      0.570225
    ],
    "parallel_times": [
      0.563384,
      0.395938,
      0.342162,
      0.2784,
      0.289031,
      0.322813,
      0.385958,
      0.399711,
      0.432082,
      0.421696
    ],
    "determinant": "inf"
  },
  "3000x3000": {
    "threads": [
      1,
      2,
      3,
      4,
      5,
      6,
      7,
      8,
      9,
      10
    ],
    "speedup": [
      0.946,
      1.525,
      1.809,
      1.889,
      1.852,
      1.749,
      1.633,
      1.49,
      1.677,
      1.412
    ],
    "efficiency": [
      94.64,
      76.26,
      60.31,
      47.23,
      37.05,
      29.16,
      23.32,
      18.62,
      18.64,
      14.12
    ],
    "sequential_times": [
      2.031913,
      2.09753,
      2.05005,
      2.06406,
      2.027361,
      2.018379,
      2.315603,
      2.227981,
      2.275133,
      2.342405
    ],
    "parallel_times": [
      2.147004,
      1.375263,
      1.133095,
      1.092452,
      1.094526,
      1.153708,
      1.418435,
      1.495563,
      1.356301,
      1.658773
    ],
    "determinant": "inf"
  },
  "4000x4000": {
    "threads": [
      1,
      2,
      3,
      4,
      5,
      6,
      7,
      8,
      9,
      10
    ],
    "speedup": [
      1.063,
      1.431,
      1.698,
      1.832,
      1.642,
      1.756,
      2.014,
      1.795,
      1.63,
      1.877
    ],
    "efficiency": [
      106.25,
      71.53,
      56.59,
      45.81,
      32.84,
      29.27,
      28.78,
      22.44,
      18.12,
      18.77
    ],
    "sequential_times": [
      5.924413,
      5.745573,
      5.968396,
      6.347078,
      6.16337,
      6.494877,
      6.242184,
      5.529958,
      5.702204,
      6.119145
    ],
    "parallel_times": [
      5.575747,
      4.016145,
      3.515574,
      3.463829,
      3.75395,
      3.697822,
      3.098688,
      3.080757,
      3.497265,
      3.259319
    ],
    "determinant": "-inf"
  }
}