{
  "2000x2000": {
    "threads": [
      1,
      2,
      3,
      4,
      5,
      6,
      7,
      8,
      9,
      10
    ],
    "speedup": [
      0.98,
      1.536,
      1.784,
      1.926,
      1.812,
      1.76,
      1.661,
      1.593,
      1.563,
      1.683
    ],
    "efficiency": [
      98.04,
      76.8,
      59.48,
      48.15,
      36.23,
      29.33,
      23.73,
      19.91,
      17.36,
      16.83
    ],
    "sequential_times": [
      0.523061,
      0.54209,
      0.519888,
      0.540808,
      0.53153,
      0.529411,
      0.520654,
      0.519986,
      0.558895,
      0.523682
    ],
    "parallel_times": [
      0.533518,
      0.352919,
      0.291346,
      0.280807,
      0.293385,
      0.30087,
      0.313448,
      0.326502,
      0.357653,
      0.311189
    ],
    "determinant": "inf"
  },
  "3000x3000": {
    "threads": [
      1,
      2,
      3,
      4,
      5,
      6,
      7,
      8,
      9,
      10
    ],
    "speedup": [
      0.989,
      1.513,
      1.87,
      1.76,
      1.536,
      1.973,
      1.756,
      1.913,
      1.913,
      1.764
    ],
    "efficiency": [
      98.93,
      75.63,
      62.35,
      44.0,
      30.72,
      32.88,
      25.08,
      23.91,
      21.26,
      17.64
    ],
    "sequential_times": [
      2.018543,
      2.024762,
      2.502411,
      2.132072,
      2.175532,
      2.869304,
      2.920756,
      2.276829,
      2.856404,
      2.686756
    ],
    "parallel_times": [
      2.040304,
      1.33862,
      1.337928,
      1.211505,
      1.416317,
      1.454562,
      1.663563,
      1.190414,
      1.492902,
      1.522992
    ],
    "determinant": "inf"
  },
  "4000x4000": {
    "threads": [
      1,
      2,
      3,
      4,
      5,
      6,
      7,
      8,
      9,
      10
    ],
    "speedup": [
      1.014,
      1.429,
      1.633,
      1.893,
      1.749,
      1.768,
      1.97,
      1.9,
      1.881,
      1.874
    ],
    "efficiency": [
      101.38,
      71.46,
      54.42,
      47.33,
      34.98,
      29.47,
      28.14,
      23.75,
      20.9,
      18.74
    ],
    "sequential_times": [
      6.792829,
      6.920028,
      6.913101,
      7.536599,
      6.910058,
      7.12275,
      6.030823,
      7.132633,
      5.408524,
      5.422872
    ],
    "parallel_times": [
      6.700326,
      4.841962,
      4.234594,
      3.980763,
      3.950504,
      4.027594,
      3.061374,
      3.75327,
      2.87597,
      2.894038
    ],
    "determinant": "-inf"
  }
}