{
  "20x20": {
    "threads": [
      1,
      2,
      3,
      4,
      5,
      6,
      7,
      8,
      9,
      10
    ],
    "speedup": [
      1.006,
      1.358,
      2.127,
      2.531,
      2.506,
      2.488,
      2.523,
      2.494,
      2.498,
      2.482
    ],
    "efficiency": [
      100.63,
      67.9,
      70.9,
      63.26,
      50.11,
      41.46,
      36.05,
      31.18,
      27.75,
      24.82
    ],
    "sequential_times": [
      0.037155,
      0.037163333,
      0.036963333,
      0.037129333,
      0.037484,
      0.037569,
      0.037261333,
      0.037248333,
      0.037323667,
      0.037461333
    ],
    "parallel_times": [
      0.036921,
      0.027366667,
      0.017379333,
      0.014672333,
      0.014959333,
      0.015102333,
      0.014767667,
      0.014933,
      0.014943,
      0.015091
    ],
    "determinant": -8.875369901463755e+22
  },
  "30x30": {
    "threads": [
      1,
      2,
      3,
      4,
      5,
      6,
      7,
      8,
      9,
      10
    ],
    "speedup": [
      0.998,
      1.415,
      1.998,
      2.756,
      2.749,
      2.724,
      2.706,
      2.72,
      2.723,
      2.718
    ],
    "efficiency": [
      99.81,
      70.75,
      66.6,
      68.9,
      54.99,
      45.4,
      38.65,
      34.0,
      30.26,
      27.18
    ],
    "sequential_times": [
      0.1296435,
      0.12913,
      0.1294625,
      0.1294455,
      0.12933,
      0.1295565,
      0.1285995,
      0.129723,
      0.129875,
      0.1295075
    ],
    "parallel_times": [
      0.129891,
      0.0912575,
      0.0647985,
      0.0469715,
      0.0470405,
      0.047565,
      0.0475315,
      0.04769,
      0.047689,
      0.047641
    ],
    "determinant": -3.163660257706074e+37
  },
  "35x35": {
    "threads": [
      1,
      2,
      3,
      4,
      5,
      6,
      7,
      8,
      9,
      10
    ],
    "speedup": [
      1.11,
      1.451,
      2.098,
      2.81,
      2.851,
      2.786,
      2.845,
      2.823,
      2.837,
      2.813
    ],
    "efficiency": [
      111.01,
      72.56,
      69.94,
      70.24,
      57.01,
      46.44,
      40.64,
      35.29,
      31.53,
      28.13
    ],
    "sequential_times": [
      0.229644,
      0.206467,
      0.20707,
      0.207609,
      0.205379,
      0.204365,
      0.203988,
      0.203356,
      0.204927,
      0.203872
    ],
    "parallel_times": [
      0.206875,
      0.14227,
      0.098689,
      0.073892,
      0.072047,
      0.073343,
      0.071704,
      0.072036,
      0.072225,
      0.072482
    ],
    "determinant": -6.593460579068061e+46
  }
}