{
  "2000x2000": {
    "threads": [
      1,
      2,
      3,
      4,
      5,
      6,
      7,
      8,
      9,
      10
    ],
    "speedup": [
      1.007,
      1.345,
      1.296,
      1.454,
      1.221,
      1.38,
      1.4,
      1.447,
      1.396,
      1.406
    ],
    "efficiency": [
      100.71,
      67.27,
      43.2,
      36.35,
      24.42,
      23.0,
      20.01,
      18.09,
      15.51,
      14.06
    ],
    "sequential_times": [
      0.627961,
      0.641252,
      0.617146,
      0.608684,
      0.637031,
      0.771786,
      0.641321,
      0.625245,
      0.611617,
      0.617799
    ],
    "parallel_times": [
      0.623541,
      0.476631,
      0.476174,
      0.418606,
      0.521676,
      0.559174,
      0.457962,
      0.431979,
      0.438244,
      0.439288
    ],
    "determinant": "inf"
  },
  "3000x3000": {
    "threads": [
      1,
      2,
      3,
      4,
      5,
      6,
      7,
      8,
      9,
      10
    ],
    "speedup": [
      1.013,
      1.41,
      1.351,
      1.584,
      1.482,
      1.569,
      1.527,
      1.601,
      1.622,
      1.538
    ],
    "efficiency": [
      101.29,
      70.48,
      45.02,
      39.59,
      29.65,
      26.16,
      21.81,
      20.01,
      18.02,
      15.38
    ],
    "sequential_times": [
      2.36957,
      2.393921,
      2.301582,
      2.376009,
      2.267031,
      2.372782,
      2.481761,
      2.296668,
      2.456782,
      2.27913
    ],
    "parallel_times": [
      2.339456,
      1.698313,
      1.704205,
      1.500348,
      1.52924,
      1.51196,
      1.625548,
      1.434765,
      1.514538,
      1.481556
    ],
    "determinant": "inf"
  },
  "4000x4000": {
    "threads": [
      1,
      2,
      3,
      4,
      5,
      6,
      7,
      8,
      9,
      10
    ],
    "speedup": [
      0.958,
      1.342,
      1.569,
      1.622,
      1.874,
      1.643,
      1.791,
      1.673,
      1.8,
      1.66
    ],
    "efficiency": [
      95.79,
      67.08,
      52.31,
      40.55,
      37.48,
      27.38,
      25.58,
      20.91,
      20.0,
      16.6
    ],
    "sequential_times": [
      6.284891,
      5.942807,
      6.371784,
      6.036313,
      6.66956,
      5.754287,
      6.674671,
      6.25572,
      6.165818,
      6.009649
    ],
    "parallel_times": [
      6.561411,
      4.429378,
      4.060263,
      3.721366,
      3.559293,
      3.502991,
      3.727528,
      3.739154,
      3.425265,
      3.619265
    ],
    "determinant": "-inf"
  }
}