{
  "2000x2000": {
    "threads": [
      1,
      2,
      3,
      4,
      5,
      6,
      7,
      8,
      9,
      10
    ],
    "speedup": [
      0.999,
      1.497,
      1.846,
      1.929,
      1.853,
      1.774,
      1.71,
      1.709,
      1.597,
      1.701
    ],
    "efficiency": [
      99.86,
      74.86,
      61.54,
      48.23,
      37.06,
      29.57,
      24.43,
      21.36,
      17.75,
      17.01
    ],
    "sequential_times": [
      0.524423,
      0.535316,
      0.520299,
      0.541253,
      0.541011,
      0.523724,
      0.521852,
      0.520515,
      0.528667,
      0.540271
    ],
    "parallel_times": [
      0.525171,
      0.357556,
      0.281829,
      0.280546,
      0.291989,
      0.295189,
      0.305156,
      0.30454,
      0.331005,
      0.3176
    ],
    "determinant": "inf"
  },
  "3000x3000": {
    "threads": [
      1,
      2,
      3,
      4,
      5,
      6,
      7,
      8,
      9,
      10
    ],
    "speedup": [
      0.994,
      1.525,
      1.779,
      1.889,
      1.747,
      1.821,
      1.822,
      2.158,
      1.858,
      1.87
    ],
    "efficiency": [
      99.4,
      76.25,
      59.29,
      47.22,
      34.95,
      30.35,
      26.03,
      26.98,
      20.64,
      18.7
    ],
    "sequential_times": [
      2.037396,
      2.025858,
      2.040566,
      2.887964,
      2.928606,
      2.762394,
      2.756087,
      3.228042,
      2.80696,
      2.886283
    ],
    "parallel_times": [
      2.049673,
      1.328367,
      1.147209,
      1.528881,
      1.676081,
      1.517097,
      1.512642,
      1.495674,
      1.510925,
      1.543669
    ],
    "determinant": "inf"
  },
  "4000x4000": {
    "threads": [
      1,
      2,
      3,
      4,
      5,
      6,
      7,
      8,
      9,
      10
    ],
    "speedup": [
      0.988,
      1.46,
      1.659,
      1.789,
      1.912,
      2.046,
      1.746,
      1.798,
      1.971,
      1.748
    ],
    "efficiency": [
      98.83,
      73.0,
      55.29,
      44.74,
      38.24,
      34.1,
      24.94,
      22.48,
      21.9,
      17.48
    ],
    "sequential_times": [
      6.931776,
      6.962691,
      6.844819,
      6.976574,
      7.298833,
      6.186555,
      5.62579,
      5.821872,
      7.159608,
      6.751998
    ],
    "parallel_times": [
      7.013523,
      4.769241,
      4.126849,
      3.898714,
      3.817366,
      3.024095,
      3.222055,
      3.237892,
      3.631841,
      3.862549
    ],
    "determinant": "-inf"
  }
}